{
  "_generated": "Generated by SweetTooth, do not edit", 
  "description": "Configure the Activities Button and Panel appearance with the Activities Configurator Extension and Gnome Shell Extension Preferences Tool. Click the icon or text with the secondary mouse button to launch the Gnome Shell Extension Preferences Tool.  More than 20 options to enhance your desktop. \n\nNote for Ubuntu users:  Please see http://preview.tinyurl.com/yadxwokc", 
  "extension-id": "activities-config", 
  "gettext-domain": "activities-config-extension", 
  "name": "Activities Configurator", 
  "settings-schema": "org.gnome.shell.extensions.activities-config", 
  "shell-version": [
    "3.16", 
    "3.18", 
    "3.20", 
    "3.22", 
    "3.24", 
    "3.26"
  ], 
  "url": "https://nls1729.github.io/activities_config.html", 
  "uuid": "activities-config@nls1729", 
  "version": 58
}