<?xml version="1.0" encoding="UTF-8"?>
<schemalist gettext-domain="nls1729-extensions">
  <schema path="/org/gnome/shell/extensions/activities-config/" id="org.gnome.shell.extensions.activities-config">
    <key type="s" name="original-activities-button-text">
      <default>""</default>
      <summary>Original Activities Button Text.</summary>
      <description>If not empty, contains the original text displayed for the Activities Button.</description>
    </key>
    <key type="b" name="activities-config-button-removed">
      <default>false</default>
      <summary>Disable all Activities Button functions.</summary>
      <description>The Activities Button is removed.</description>
    </key>
    <key type="s" name="activities-config-button-text">
      <default>""</default>
      <summary>Activities Button Text.</summary>
      <description>If not empty, it contains the custom text displayed for the Activities Button.</description>
    </key>
    <key type="i" name="activities-text-padding">
      <default>4</default>
      <summary>Text padding in pixels.</summary>
      <description>Horizontal padding for Activities Text.</description>
    </key>
    <key type="b" name="activities-config-button-no-text">
      <default>false</default>
      <summary>Disable Activities Button Text.</summary>
      <description>The Activities Button Text is not displayed if true.</description>
    </key>
    <key type="s" name="activities-config-button-icon-path">
      <default>"/usr/share/icons/gnome/24x24/status/info.png"</default>
      <summary>Activities Button Icon Path.</summary>
      <description>If not empty, it contains the path of an icon displayed with the Activities Button Text.</description>
    </key>
    <key type="i" name="activities-icon-padding">
      <default>4</default>
      <summary>Icon padding in pixels.</summary>
      <description>Horizontal padding for Activities Icon.</description>
    </key>
    <key type="b" name="activities-config-button-no-icon">
      <default>false</default>
      <summary>Disable Activities Button Icon.</summary>
      <description>The Activities Button Icon is not displayed if true.</description>
    </key>
    <key type="i" name="activities-config-hot-corner-delay">
      <default>250</default>
      <summary>Hot corner delay.</summary>
      <description>Hot corner Overview toggle delay in milliseconds.</description>
    </key>
    <key type="i" name="activities-config-hot-corner-threshold">
      <default>100</default>
      <summary>Hot corner threshold.</summary>
      <description>Hot corner Overview toggle barrier pressure threshold in pixels.</description>
    </key>
    <key type="b" name="activities-config-hot-corner">
      <default>false</default>
      <summary>Disable Activities Hot Corner.</summary>
      <description>The Activities Hot Corner is disabled if true.</description>
    </key>
    <key type="b" name="override-theme">
      <default>false</default>
      <summary>Override theme background color and transparency.</summary>
      <description>Apply panel background color and transparency when user or classic theme is installed if true.</description>
    </key>
    <key type="s" name="shell-theme-id">
      <default>"Default"</default>
      <summary>Path or url or name and mode of currently loaded theme.</summary>
      <description>Set by extension at enable and when the shell theme is changed.</description>
    </key>
    <key type="s" name="panel-background-color-hex-rgb">
      <default>"#000000"</default>
      <summary>RGB value for panel background</summary>
      <description>Default background color is black.</description>
    </key>
    <key type="i" name="transparent-panel">
      <default>0</default>
      <summary>Panel Transparency.</summary>
      <description>Set panel transparency 0-100 per cent.</description>
    </key>
    <key type="s" name="panel-shadow-color-hex-rgb">
      <default>"#000000"</default>
      <summary>RGB value for shadow background</summary>
      <description>Default shadow color is black.</description>
    </key>
    <key type="i" name="transparent-shadow">
      <default>0</default>
      <summary>Shadow Transparency.</summary>
      <description>Set shadow transparency 0-100 per cent.</description>
    </key>
    <key type="i" name="panel-shadow-vertical-length">
      <default>0</default>
      <summary>Shadow vertical length.</summary>
      <description>Set shadow transparency 0-64 px.</description>
    </key>
    <key type="i" name="panel-shadow-blur-radius">
      <default>0</default>
      <summary>Shadow blur radius.</summary>
      <description>Set shadow blur radius 0-64 px.</description>
    </key>
    <key type="i" name="panel-shadow-spread-radius">
      <default>0</default>
      <summary>Shadow spread radius.</summary>
      <description>Set shadow spread radius 0-64 px.</description>
    </key>
    <key type="b" name="panel-hide-rounded-corners">
      <default>false</default>
      <summary>Hide rounded corners.</summary>
      <description>The panel rounded corners are hidden if true.</description>
    </key>
    <key type="b" name="panel-hide-app-menu-button-icon">
      <default>false</default>
      <summary>Hide panel app menu button icon.</summary>
      <description>The panel app menu button icon is hidden if true.</description>
    </key>
    <key type="i" name="maximized-window-effect">
      <default>0</default>
      <summary>Panel background effects when a window is maximized on the primary display.</summary>
      <description>If 0 no effect. If 1 transparency is removed. If 2 background is set to opaque black with rounded corners.</description>
    </key>
    <key type="b" name="enable-conflict-detection">
      <default>false</default>
      <summary>Conflict detection.</summary>
      <description>If true conflict detection is enabled.</description>
    </key>
    <key type="b" name="pointer-barriers-supported">
      <default>false</default>
      <summary>Barriers supported.</summary>
      <description>If true X server supports barriers for Gnome Shell.</description>
    </key>
    <key type="b" name="first-enable">
      <default>true</default>
      <summary>True only for first enable.</summary>
      <description>If true extension sets defaults and displays prefs tool.</description>
    </key>
    <key type="b" name="show-overview">
      <default>false</default>
      <summary>Show Overview when no application is running.</summary>
      <description>If true extension displays overview when no applcation is running.</description>
    </key>
    <key type="b" name="position-right">
      <default>false</default>
      <summary>Move Activities Icon Button to right corner.</summary>
      <description>If true move Activities Icon Button to right corner.</description>
    </key>
  </schema>
</schemalist>
